date,info by,author_name,author_location,type of review,title,rated,time_posted,paragraph,date_of_experience,reply_author,reply_date,reply_paragraph,review_sentiment,reply_sentiment
2024-09-12 19:29:01,Info for AS,AS,US,Verified,very good experience,4.0,2024-09-11T14:05:33.000Z,"very good experience. The website is a little difficult to navigate. I like the RX & products. Had an issue initially (side effect) took a few days for doctor to respond but overall satisfied. After 10 weeks, not seeing the results i wanted. Will hold RX for the time (still finishing the last month RX products) but hope to return soon after I consult family physician",05 September 2024,Reply from By Winona,2024-09-12T08:31:34.000Z,"Thank you for sharing your feedback! We're glad to hear that you had a positive experience overall and that you're satisfied with the RX and products. We truly appreciate your patience while waiting for a response from the doctor regarding the initial side effects, and we understand how important timely communication is.Weâ€™re sorry to hear that you havenâ€™t yet seen the results you were hoping for after 10 weeks. Every journey is unique, and sometimes it can take a bit longer to see the full benefits. We completely support your decision to consult with your family physician and pause the RX for now. If you decide to return, weâ€™ll be here to assist you in any way we can.Thank you again for choosing Winona. We're always striving to improve, and your feedback on the website navigation is valuable to us. We look forward to helping you in the future, and we wish you the best in your continued journey to better health!",0.0653125,0.2751748251748252
2024-09-12 19:29:01,Info for Amy,Amy,US,Verified,Winona!! Thank you,5.0,2024-09-12T22:00:27.000Z,Saw Winona on Facebook and was willing to try anything after years of debilitating hip and back pain. I tried everything else and was even considering stem cells when I came across Winona.  I filled out the form and was contacted within a day. The doctor asked me a few more questions and then prescribed estrogen and DHEA. I had my products the next week and I swear within 3 weeks my hip and back pain were gone. I didn't want to tell anyone with fear it may come back at any time. It's been 3 week and still gone. Dr Peter checked back in with me at 10 weeks asking how everything was going and said he would check back at 1 year again but to please reach out if any concerns or changes. Love this product and that someone was willing to listen to my concerns and not dismiss that they couldn't find anything wrong. It changed my quality of life. Thank you,10 September 2024,,,,0.0923076923076923,0.0
2024-09-12 19:29:01,Info for Lisa M Wehr,Lisa M Wehr,US,Verified,Ease of medication and knowledge,5.0,2024-09-09T23:54:56.000Z,The ease of the medication and the knowledge of the doctors make this product and company outstanding. I have been seeing results from 10 weeks of usage. Thank you!,02 September 2024,Reply from By Winona,2024-09-10T09:20:09.000Z,"Thank you so much for your kind words! Weâ€™re thrilled to hear that the ease of the medication and the expertise of our doctors have made a positive impact on your experience. Itâ€™s wonderful to know that youâ€™ve been seeing results after 10 weeks of use.Your satisfaction and progress mean a lot to us, and we're grateful for your trust in Winona. If you have any more questions or need further support, we're always here for you. Thanks again for sharing your experience and for being a valued part of our community!",0.625,0.3571969696969697
2024-09-12 19:29:02,Info for Ericka Fisher,Ericka Fisher,US,Verified,Winona is every womanâ€™s answer to menopause,5.0,2024-09-01T15:45:23.000Z,"I was hesitant about starting HRT and put it off for awhile. The community of women on Winonaâ€™s FB group are super supportive and open about their positive experience and symptom improvement is what convinced me to try. The process with Winona is relatively seamless and all of my questions were answered prior to agreeing to accept the prescription. My meds arrived ahead of schedule and almost immediately I started to see an improvement of symptoms. 10 weeks in and feel like my old self. About 9 weeks in, I started having oily skin and sent a message to my Winona Dr. The next morning I had a response to adjust my Dhea. The responsiveness on the platform is unbelievable. So glad I made the decision to go with Winona. Donâ€™t second guess yourself, just do it.",01 September 2024,Reply from By Winona,2024-09-02T18:25:38.000Z,"Thank you Ericka! This is an amazing review!It can be hard to reach out to an online platform for menopause help, but this is all we do, and we are passionate about helping women! The process is working just as we had hoped, and we love that it is working for you too! Please keep us posted on your progress! :)",0.1258838383838384,0.30541666666666667
2024-09-12 19:29:02,Info for Ann-Marie McCollough,Ann-Marie McCollough,US,Verified,Ease and Speed,5.0,2024-08-27T16:47:20.000Z,"The ease and speed with which I was able to interact and receive my prescription is really what makes Winona exceptional. In addition, my symptoms are improving with each passing day. After 10 weeks of use, I am finally feeling back to my old self!",27 August 2024,Reply from By Winona,2024-08-28T10:20:14.000Z,We're so glad youâ€™ve had such a positive experience with us! Itâ€™s great to hear that the ease and speed of getting your prescription stood out and made a difference. We're even more thrilled that youâ€™re feeling like your old self again after just 10 weeks. Thatâ€™s amazing progress! Thank you for 5 stars!,0.24861111111111112,0.46519886363636365
2024-09-12 19:29:02,Info for Megan G,Megan G,US,Verified,Love being able to message with aâ€¦,5.0,2024-08-26T14:22:44.000Z,Love being able to message with a doctor about my specific symptoms and get a personalized recommendation. Almost all of my symptoms have went away in the first 10 weeks! So grateful for Winona and am recommending to all my friends & family. What a difference it's made in my life and my husband's life. :),25 August 2024,Reply from By Winona,2024-08-27T09:32:51.000Z,"Weâ€™re so happy to hear that Winona has made such a positive difference in your lifeâ€”and your husbandâ€™s too! Itâ€™s fantastic that youâ€™re seeing results so quickly and that the personalized care has been helpful. Thank you for spreading the word to your friends and family! We're thrilled to be a part of your journey, and if there's anything else you need, we're here for you!",0.3625,0.44179292929292924
2024-09-12 19:29:03,Info for Amanda McCormack,Amanda McCormack,US,Verified,Winona gave me my life back,5.0,2024-08-29T14:33:35.000Z,"Winona gave me my life back ten weeks ago. I was in such a black cloud of emotions, night sweats, extreme hunger along with weight gaiN, and had been to my GP and OB-gyn, and was told it was all just part of aging.  Luckily, I found Winona. EVERYTHING has settled down since starting the HRT cream and DHEA. My weight is still not back where Iâ€™d like it, but the climb up has stopped.  All other symptoms are gone!   My husband and daughter (and I) could not believe the incredible improvements!",29 August 2024,Reply from By Winona,2024-08-30T09:36:19.000Z,"Thank you so much for sharing your experience Amanda. We're truly moved to hear that Winona has made such a difference in your life. Itâ€™s disheartening when symptoms are brushed off as ""just part of aging,"" but we're glad you found us and that the HRT cream and DHEA have brought you relief. Your journey is a powerful reminder of why we do what we do, and itâ€™s wonderful to hear that your husband and daughter have noticed the incredible improvements too. We're here to support you as you continue on this path, and weâ€™re cheering you on every step of the way!",0.06635101010101009,0.42857142857142855
2024-09-12 19:29:03,Info for Dionne,Dionne,US,Verified,A miracle!,5.0,2024-08-25T21:16:23.000Z,I have been using Winona for my menopause needs and I have been very pleased!! I've been telling everyone that I know about this company.  I went from feeling old and achy to LITERALLY feeling like a 30year old kid again AT 10 WEEKS IN!  I began to feel a subtle difference within the first week of taking my prescriptions.  Getting set in with a doctor is easy and shipping is fast!  Thanks Winona!,17 August 2024,Reply from By Winona,2024-08-26T10:09:18.000Z,Weâ€™re so thrilled to hear that Winona has made such a remarkable difference for you Dionne! Itâ€™s fantastic that youâ€™re feeling like a 30-year-old again and that you started noticing improvements so quickly. Your enthusiasm and recommendations mean the world to us. Weâ€™re here to keep supporting you and making sure you continue to feel your best. Thanks for being such a great advocate for Winona!,0.259375,0.40902777777777777
2024-09-12 19:29:03,Info for Erin ,Erin,US,Verified,Finally feeling like myself!,5.0,2024-09-05T17:10:20.000Z,I really noticed a difference in how I felt & slept after about 10 weeks. So give it a chance to work. Iâ€™m so glad that I did & stayed consistent.,05 September 2024,Reply from By Winona,2024-09-06T08:36:30.000Z,"Thank you for sharing your experience! Itâ€™s wonderful to hear that you felt a noticeable improvement after sticking with the treatment. Consistency can make all the difference, and we're so glad you gave it the time to work. We're here for you every step of the way!",0.31666666666666665,0.8125
2024-09-12 19:29:04,Info for Karen Santosuosso,Karen Santosuosso,US,Verified,Great team of support professionals,5.0,2024-08-31T21:41:42.000Z,Great team of support professionals. Easy delivery system ! So far I have made it through my first 10 weeks . No hot flashes !,31 August 2024,Reply from By Winona,2024-09-02T18:11:19.000Z,Thank you for the kind review Karen! We're so glad to hear that you've had a great experience so far!  No more hot flashes is definitely worth celebrating! Just remember that we are all here to support you every step of the way.,0.3070833333333334,0.36428571428571427
2024-09-12 19:29:04,Info for Katherine Reng,Katherine Reng,US,Verified,Love the personal care,5.0,2024-08-18T18:34:49.000Z,"I started looking for HRT because of a whole stack of classic menopause symptoms, plus a couple that I didnâ€™t realize were related. Iâ€™ve been using Winona for ten weeks, and several of my symptoms have disappointed and others are better. But what I am most impressed by with Winona is the time the doctor took to make sure to understand my experience and then recommend a change in my dosages.",18 August 2024,Reply from By Winona,2024-08-19T09:44:21.000Z,"Thank you for sharing your journey with us Katherine! Itâ€™s amazing to hear that after ten weeks, youâ€™re already seeing improvements in so many of your menopause symptoms, even some you didnâ€™t realize were related. What really stands out is how much care and attention your doctor gave to truly understand your experience and fine-tune your dosages. That level of personalized support is what we strive for, and weâ€™re so glad it made a difference for you. Hereâ€™s to continued progress and feeling even better!",0.21166666666666667,0.328125
2024-09-12 19:29:06,Info for Carla Birchfield,Carla Birchfield,US,Verified,You have been so helpful,5.0,2024-08-26T20:49:47.000Z,"You have been so helpful, explained all I needed to know and so far I am feeling slightly better even though I am week 2. Canâ€™t wait for 10 weeks. Thank you!",26 August 2024,Reply from By Winona,2024-08-27T09:43:57.000Z,"Weâ€™re so glad to hear that youâ€™re already feeling some positive changes in just two weeks! Thank you for your kind words, and weâ€™re here to support you every step of the way. We canâ€™t wait to see how you feel at the 10-week mark!If you have any questions or need anything, just let us know.",0.3625,0.46136363636363636
2024-09-12 19:29:12,Info for Susan,Susan,US,Verified,The process has been very easy,5.0,2024-08-02T17:12:09.000Z,The process has been very easy. I have a hard time discussing such personal issues face to face with a Dr and this was so easy. I feel better overall. My aches and pains are almost gone. Iâ€™ve only been taking Winona for 10 weeks but painful sex is almost gone as well. Thank you Winona.,01 August 2024,Reply from By Winona,2024-08-05T13:40:52.000Z,"Even though menopause is a natural process, we understand that it can still be embarrassing to talk about personal issues with an in person provider, Susan. Our online platform allows women to confidently ask those hard questions that may not otherwise get asked.Our Facebook group also allows women to join together, compare experiences, and provide support to each other in a non-judgmental and uplifting space. We are thrilled that you are feeling better both physically and mentally!Thank you for the 5 stars!",0.056111111111111125,0.16041666666666665
2024-09-12 19:29:19,Info for Jo Ann,Jo Ann,US,Verified,Since starting Winona 10 weeks ago,5.0,2024-07-14T14:59:24.000Z,"Since starting Winona 10 weeks ago, the changes have been nothing short of wonderful! Very occasional hot flashes- Iâ€™m talking maybe one every few weeks as opposed to several a day! My clarity of thought came back- goodbye brain fog! You donâ€™t realize how awful it really was until it is no more- my energy has come back and I have no more late afternoon exhaustion- this really is the best decision of self care that I have made in ages.",14 July 2024,Reply from By Winona,2024-07-15T13:52:44.000Z,"It is very true, Jo Ann, that we often don't realize how bad we feel until we feel better!The menopause transition can be one of the most life-altering experiences a woman will have. However, it doesn't have to be full of debilitating symptoms!It can be a chance to reflect on your well-being and take charge of your health so that you feel your absolute best!We applaud desire for self-care and greatly appreciate your trust in us!There is only one of you, and you deserve to be the best you that you can be!",0.04062500000000001,0.32562500000000005
2024-09-12 19:29:20,Info for Krista,Krista,US,Verified,No Changes Noticed,2.0,2024-07-09T18:03:53.000Z,Have been using for 10 weeks now and do not notice any changes. I've emailed Winona about these concerns but no one responded. Instead I got emails saying my next package was shipped and another email asking me to write a good review. This is not a good review,08 July 2024,Reply from By Winona,2024-07-10T12:35:46.000Z,"We apologize if there was any confusion regarding communication with your Winona doctor, Krista!It can sometimes take around 3 months to start to see positive changes.However, if you are not having any relief around the 10 week mark, your Winona doctor is happy to discuss adjusting your treatment plan!We do see that you completed your Follow Up on July 4th, and  your Winona doctor messaged you back on July 5th.A member of our Patient Care Team has emailed you for further support on how to check your messages :)",0.11666666666666665,0.3054545454545455
2024-09-12 19:29:23,Info for Jennifer,Jennifer,US,Verified,"Love, love, love Winona",5.0,2024-07-02T19:20:48.000Z,The comprehensive online appointment is easy and the doctor is very responsive with questions.  10 weeks in and I've not had any negative symptoms with my plan. I love that Winona periodically checks in to see how things going and I feel confident that my responses will be reviewed.,30 June 2024,Reply from By Winona,2024-07-03T12:26:21.000Z,"We work hard to earn your confidence is us, Jennifer!   We do review every single question and concern that our patients have, and we do all that we can to ensure that you have a positive experience with us. Your health is your most valuable asset and we take that very seriously. We are here to support you every step of the way through your menopause journey!",0.26666666666666666,-0.050081168831168844
2024-09-12 19:29:23,Info for Melissa Cabot,Melissa Cabot,US,Verified,Honest review!!,5.0,2024-07-02T01:37:43.000Z,"I was a little nervous at first but once I took the leap I havenâ€™t looked back!! Started feeling better within 2weeks. Iâ€™m 10 weeks inâ€¦no more hot flashes, night sweats, fatigue and joint pain still fluctuates but not nearly as bad. The only side effect Iâ€™m having is breast tenderness. Looking forward to loosing some weight now that Iâ€™m feeling like my younger self!! Definitely a win win for me!!",01 July 2024,Reply from By Winona,2024-07-02T13:01:39.000Z,"Thank you for taking that leap of faith with Winona, Melissa!We understand it can be a little nerve wracking and scary to utilize an online platform for HRT, but we are here to support you at all times!It does sometimes take around 10-12 weeks for your body to fully acclimate to the influx of hormones, but once that happens,  most women report full resolution of their symptoms!Feeling like yourself again is definitely a win in our book!",0.31477272727272726,0.2325
2024-09-12 19:29:23,Info for Tracey,Tracey,US,Verified,In 10 weeks my hot flashes are G-O-N-E!,5.0,2024-07-01T16:16:50.000Z,"In 10 weeks my hot flashes are G-O-N-E! I am sleeping through the night most nights. I continue to have some other symptoms and was able to discuss those with my Winona doctor who suggested we tweak some things. He heard me, explained things a bit, and it feels like heâ€™s with me in this twisted hormonal journey Iâ€™m onðŸ¤ª. Overall? I am *feeling *better* and that is a huge relief.",30 June 2024,Reply from By Winona,2024-07-02T12:30:21.000Z,"GONE is a beautiful word when it pertains to menopause symptoms, Tracey, and we hope they stay that way!We are so happy to know that you are experiencing relief from your hot flashes and sleeping better.Your Winona doctor always wants you to feel supported in your journey, so please do reach out to them anytime for any questions or concerns.We appreciate your positive feedback and are glad you're feeling better!",0.1984375,0.49318181818181817
2024-09-12 19:29:23,Info for Denise,Denise,US,Verified,Pain has significanlty,5.0,2024-06-29T16:08:09.000Z,Ever since going through menopause I just havenâ€™t felt like me. I went from doctor to doctor and was put on steroids for the past year because of my complaints about pains and aches. I knew in my heart that it was related to hormones. I can honestly say that after using Winonaâ€™s products for 10 weeks I have started to feel like me and the pains are barely there.,28 June 2024,Reply from By Winona,2024-07-01T12:31:36.000Z,"Thank you for sharing your experience Denise! Joint pain is real for so many women, and they often think or are told, that it is just part of the aging process! :(Listening to your heart is sometimes the very best thing to do!  It's wonderful to hear that you've found relief and are feeling more like yourself!  Thank you for taking time to let others know about your progress so far!",0.09999999999999999,0.4035714285714286
2024-09-12 19:29:25,Info for Jennefer,Jennefer,US,Verified,My experience with Winona has been life changing â€¦,5.0,2024-06-27T15:46:38.000Z,My experience with Winona has been excellent! I am 10 weeks in and had questions in the first couple weeks and the team is very responsive. Iâ€™m taking the pill form and the DHEA had to be adjusted from 25 to 50 and that itself has made a huge impact on my energy. Before starting this program I barely had enough energy to get through the day. Now I can get through the day and enjoy the evening. I have also enjoyed the benefits of losing 10lbs and having an increase in my libido.,24 June 2024,Reply from By Winona,2024-06-28T12:47:27.000Z,"We are thrilled to hear that you are having such awesome results with Winona, Jennefer!Fatigue related to menopause is a real thing, which impacts other areas of your life.Women may not have the energy to do the things they once loved.  Often times, sleep is erratic, and not restorative. We tend to eat when we are tired, and then the weight gain comes.  It's all a vicious cycle!Supplementing your declining levels of hormones can restore your vitality and help you to enjoy your life again!We are happy to hear that your HRT has changed your life for the better!",0.3111111111111111,0.2333333333333333
2024-09-12 19:29:27,Info for Tia,Tia,US,Verified,So wonderful,5.0,2024-06-17T02:12:59.000Z,"So wonderful! Super communicative, anytime I have had a question I have gotten a prompt response! I have had the best results after being on the HRT for the past 10 weeks! My hot flashes are gone, Iâ€™m sleeping through the night, and my joint pain has subsided substantially!!! It has been a godsend!",16 June 2024,Reply from By Winona,2024-06-17T12:28:48.000Z,"We are thrilled to hear that our HRT treatment has brought such positive changes to your life., Tia! Resolving your symptoms is always a top priority for us, but we also want to make sure that we provide clear, prompt, and reassuring support.We are happy to help anytime!Thank you for the 5 stars!Your feedback means the world to us.",0.5429036458333333,0.39772727272727276
2024-09-12 19:29:30,Info for Julie Duncan,Julie Duncan,US,Verified,Support & Relief,5.0,2024-06-05T21:55:40.000Z,"I was hesitant to choose an online doc but with an online life and busy schedule I found it to be a great option. I have asked questions and received prompt responses from the medical team. I feel so much better 10 weeks into treatment. My sleep, energy, mood and symptoms are all improved. I wish I had started earlier!",04 June 2024,Reply from By Winona,2024-06-06T12:51:51.000Z,"Julie, thank you for sharing your experience here! :)We know that some people may be hesitant to use an online company for obtaining medications, but we work very hard to make the process easy and convenient. Sleep is everything, so it's not surprising to hear that you are also experiencing other symptom improvement as well! Again, we appreciate your 5 star review and are here to support you through this journey!",0.27999999999999997,0.0017708333333333437
2024-09-12 19:29:35,Info for Lisa,Lisa,US,Verified,So far so good,5.0,2024-05-28T15:21:36.000Z,Well itâ€™s been 10 weeks and so far the hot flashes have reduced down to almost nothing.  Night sweats are gone!  I am relieved for the first time in 5 years,28 May 2024,Reply from By Winona,2024-05-28T17:19:25.000Z,"That is so wonderful to hear, Lisa!Hot flashes and night sweats, are the worst! We are so happy you are finding the relief you were looking for. :)",0.10138888888888889,0.325
2024-09-12 19:29:35,Info for Monica,Monica,US,Verified,The cream did not work for me,1.0,2024-05-27T02:56:04.000Z,"The prescription I received was useless, it did not work, and waiting 10 weeks to receive any follow-up is just poor treatment. Would definitely not recommend this service.",27 March 2024,Reply from By Winona,2024-05-27T18:30:32.000Z,"Hi Monica!We are sorry you have not noticed results yet. It may take 90 days before you may notice the full benefits of your treatment plan. Sometimes, a dose adjustment may be needed in order to find that ""sweet spot"". We also want to mention that your doctor is available to you 7 days a week in the patient portal. Your doctor is always happy to answer your questions and address any concerns. There is no need to wait until the 10 week follow up. Additionally, we will be reaching out to you via email to offer you further support. Your well being and complete satisfaction, is of upmost importance to us!",-0.3,0.21785714285714283
2024-09-12 19:29:40,Info for Michelle Baker,Michelle Baker,US,Verified,Easy process with great results!,5.0,2024-05-21T17:37:54.000Z,"The entire process has been very easy to follow, yet thorough. After 10 weeks, I'm feel so much better!",20 May 2024,Reply from By Winona,2024-05-22T12:39:38.000Z,"Fantastic, Michelle!We love it when you have an easy experience with Winona, as we do everything we can to guide you seamlessly through the process.Congratulations on feeling better!  You deserve it!",0.39611111111111114,0.44291666666666674
2024-09-12 19:29:40,Info for KIMBERLY PATE,KIMBERLY PATE,US,Verified,I Feel Great,5.0,2024-05-20T14:21:15.000Z,"I was scared at first, but the doctor was reassuring. Now that I've been on it for 10 weeks I am sleeping, and I have no hot flashes at all. The prescription was just right and I feel great!",20 May 2024,Reply from By Winona,2024-05-21T13:05:51.000Z,"Utilizing an online platform for health care needs can be a little scary at first, Kimberly, but we are here for you every step of the way!  Our doctors work extra hard to establish rapport and provide clear and supportive care.  They want you to feel your best!You are more than deserving of good health and we are thankful that you chose Winona!",0.3526785714285714,0.19083333333333333
2024-09-12 19:29:40,Info for Maryanne,Maryanne,US,Verified,10 Week Check In,5.0,2024-05-20T00:15:11.000Z,"Winona helped me with my mood swings, libido, muscle aches and joint aches. I feel like myself again. I still have insomnia but I'm only 10 weeks in with the cream.My doctor responds very promptly to all my questions. I am very happy I found Winona.",19 May 2024,Reply from By Winona,2024-05-20T00:50:48.000Z,"Feeling like yourself if the best way to feel, Maryanne!You know your body best, and our Winona doctors work with you to find the best treatment plan to fit your unique symptoms. We are so thrilled to hear that your HRT is working to address some of the most bothersome symptoms now, but we are confident you will also be sleeping better as time goes on!Your trust in us is very much appreciated!",0.39999999999999997,0.6125
2024-09-12 19:29:42,Info for Brantlee Eisenman,Brantlee Eisenman,US,Verified,"There is a solution to menopause symptoms, Winona.",5.0,2024-05-16T22:55:14.000Z,"I came upon Winona via social media as most people. I was skeptical and worried, but couldn't take my symptoms any more. I have always been of the mindset, what can it hurt, so I filled out the quiz and got set up with cream (50/50 Prog) and pill (25 DHEA). I am 10 weeks in and can see a huge difference for the better. My hot flashes and sleepless nights have almost disappeared completely. The first week I thought my eyes had corrected. I felt like I could see things more clearly and mind mind was working. That has calmed down and I do still feel brain fog and exhaustion. I am waiting to hear back from the doc, but hoping for an increase in strength to see if I can capture that first week feeling for longer. I have not had any of the negative effects. I haven't loss any hair nor gained any weight. I am excited for the future, now. Just try it. You may be pleasantly surprised.",16 May 2024,Reply from By Winona,2024-05-17T11:53:26.000Z,"We are just as excited for your future too, Brantlee!Getting our bioidentical HRT through an online platform can be unsettling and a little scary at first to some women, but we are here to support you every step of the way.Our treatments are safe, economical, and most importantly, effective!They can also be adjusted to fit your particular symptoms, so we are hopeful that you will find even more benefits as you work with your Winona doctor to fine tune your treatment plan. Thank you for your trust in us!",0.17383040935672517,0.19464285714285715
2024-09-12 19:29:42,Info for angelatuzzio,angelatuzzio,US,Verified,This was like magic overnight,5.0,2024-05-16T02:48:31.000Z,This was like magic overnight! I had so much trouble sleeping through the night. One week of taking Winona I was sleeping all the way through the night! My hot flashes have subsided and are just baby flashes now at 10 weeks! I extremely happy that I have found help!!!!,01 May 2024,Reply from By Winona,2024-05-16T12:37:07.000Z,"Our bioidentical HRT may seem like magic, but it is really just your body taking a big sigh of relief, Angelatuzzio!We are very confident in the effectiveness of our HRT, but it is still amazing to us every time how just a little dose of hormones can put women back on the path to feeling their best!Thank you so much for the 5 stars!",0.421875,0.2515625
2024-09-12 19:29:44,Info for Mercedes,Mercedes,US,Verified,My experience has been excellent,5.0,2024-05-09T05:21:26.000Z,My experience has been excellent. My meno symptoms have definitely decreased and I am feeling so much better. Itâ€™s only been 10 weeks looking forward to the next few months.,08 May 2024,Reply from By Winona,2024-05-09T12:43:12.000Z,"Excellency is a standard we strive to maintain, Mercedes!Providing service worthy of 5 stars is the expectation with every patient.We are so happy that you are feeling better now!",0.15000000000000002,0.4395833333333333
2024-09-12 19:29:44,Info for Lisa M,Lisa M,US,Verified,Good improvement!! ðŸ˜ŠSome of my symptoms that I had beenâ€¦,4.0,2024-05-08T17:04:40.000Z,"Some of my symptoms that I had been experiencing before starting HRT, were Hot flashes and vaginal dryness and dry skin. I have seen a great improvement in know hot flashes at night time, and my overall dryness has improved after 10 weeks into the HRT! Hopefully with continue use my fatigue and brain fog will improve as well! Overall I have had good results so far!",01 May 2024,Reply from By Winona,2024-05-08T20:18:49.000Z,"This is great news, Lisa, and we are so happy for you!Its amazing how a little bit of HRT can manage those hot flashes and skin changes!We do encourage women to give it about 3 months to see positive changes, as it will take time for your body to adapt to the influx of hormones.  However, the perk of individualized therapy is that it can be adjusted if you continue to have bothersome symptoms!We see that you just completed your Follow Up and your doctor has left you a message in your Patient Portal. Please continue to work closely with them, as they are happy to support you and find the right treatment plan that works for you!",0.22870370370370374,0.40521284271284275
2024-09-12 19:29:44,Info for Melanie,Melanie,US,Verified,10 week treatment completed,5.0,2024-05-07T20:56:00.000Z,"Doctor is responsive, and willing to answer any and all questions I had about the treatment. Just completed 10 weeks of treatment and am waiting to hear if she recommends any changes to treatment plan",07 May 2024,Reply from By Winona,2024-05-08T12:29:23.000Z,"Ongoing support is a key factor in managing your symptoms, Melanie!The menopause transition and symptoms can change over time.One of the perks of a Winona HRT treatment plan is that we can adjust to those bumps in the road and keep you on track to feeling great!Your Winona doctor is always available for support and guidance.Thank you for the 5 stars!",0.25,0.25
2024-09-12 19:29:51,Info for Maddz ,Maddz,US,Verified,Total attitude changer!,5.0,2024-04-26T05:35:29.000Z,"I started with Winona 10 weeks ago.  I was gaining weight, lack of energy, mood swings, hot flashes.  Up until 2 years ago I was able to control the weight with diet and exercise and now it is out of control.  Since I started with Winona. My weight is steady, mood swings have leveled out and feel like my emotions are under control.  The FB groups have been really helpful and Dr. Is super responsive to my needs.  Will looking for more positive changes in next 90 days.",12 February 2024,Reply from By Winona,2024-04-26T12:44:44.000Z,"Keep going, Maddz!It sounds like you were experiencing some very common, and intense, menopause symptoms, so we are glad to hear that you are starting to feel better now!We understand it is very frustrating that the things we used to do in our younger years to maintain our health, no longer work during the menopause transition....especially concerning weight and body composition.HRT is not a weight loss drug, per se, but it can help to slow that menopausal weight gain and help you to feel better so that you can address it head on. We are also glad to hear that you are finding support in our Winona Women's group and your Winona doctor!Support means a lot during these often chaotic years, and we are happy to support you!",0.2721590909090909,0.1809090909090909
2024-09-12 19:29:53,Info for Christie Marie E. Russell,Christie Marie E. Russell,US,Verified,Feeling Good and healthy again is such a gift!,5.0,2024-04-24T17:51:45.000Z,I'm about 10 weeks into my prescription of Winona and so far I feel way better. My hot flashes are gone and my muscle tone and energy are coming back. Sleeping better and feeling sexy again. Thank You Winona!,24 April 2024,Reply from By Winona,2024-04-24T23:29:45.000Z,"Thank you for sharing your feedback, Christie! We understand that you deserve to look and feel your best, which is just one of many reasons why we are here to help! We are here for you 7 days a week if you need us. :)",0.32916666666666666,0.7083333333333334
2024-09-12 19:29:53,Info for Betty,Betty,US,Verified,I am 10 weeks in,5.0,2024-04-21T23:55:33.000Z,I am 10 weeks in and already feeling so much better. Looking forward to seeing whatâ€™s next now that I have more energy.,20 April 2024,Reply from By Winona,2024-04-22T12:59:00.000Z,"The menopause transition happens slowly over time, so women often don't realize how bad they feel until they start to feel better. It may take your body around 3 months to adjust to the influx of hormones, so it appears that you are right on track, Betty!Keep going, as we are confident that you will continue to feel even better in the coming months!",0.3333333333333333,0.1517857142857143
2024-09-12 19:29:59,Info for Morgan Jarred,Morgan Jarred,US,Verified,Trust the Process,5.0,2024-04-14T04:12:34.000Z,"I feel like menopause hit me over night. One minute I was at the top of my athletic career , the next minute I have all these weird injuries, I have no endurance and I standing in the mirror, asking myself ""where did all this body fat come from?"" I was having at least 10-15 hot flashes a day and night sweats were 1.5- 2 hrs apart, my sleep was horrible , so after about 4 hrs of interrupted sleep, why bother anymore, I would just get up and start another long day . Then after some research and having that talk with myself - I decided to give Winona a try.  I joined the face book group and read postings everyday, It helped me stay the course when I felt like it wasn't working at times.  So my advise is stay the course, they suggest give it 8-10 weeks. Be patient, this is a whole new you. I am at 10 weeks and I am sleeping so hard. I wake up so refreshed. My night sweats havens been around for about 4 weeks now, I only get a hot flash from time to time but I have found some food triggers them . My evil now is chocolate, hot sauce and fried foods. The DHEA makes me feel like the energizer bunny when I take it mid morning. I'm still trying to adjust my macros/ meals and timings to see what works best for me now as the DHEA suppresses my appetite- Cream at night before bed.  My weight training is going well- lifting heavier. I love cardio so that's getting better again. I did gain 8lbs it seemed like over night - working on that both mentally and physically.  I do feel there is a light at the end of the tunnel and I will get back to my ole self with the help of Winona products.",13 April 2024,Reply from By Winona,2024-04-15T13:19:44.000Z,"Thanks for sharing your experience, Morgan!As you discovered, even when you eat all the right things and work out consistently, menopause symptoms can still throw you for a loop!What worked before does not help at all, and it can feel like your body is betraying you!We love that you are finding a whole new you and that you are listening to your body's cues about what it does and does not like. Starting HRT can definitely give your body the hormone balance that it is craving, but we must still do our part to work with it, and you are doing fantastic! We applaud your self-awareness and commitment to yourself!",0.02368247694334651,0.24411976911976913
2024-09-12 19:29:59,Info for Jeanette,Jeanette,US,Verified,Just finished 10 weeks of treatment- myâ€¦,5.0,2024-04-13T21:54:21.000Z,Just finished 10 weeks of treatment- my symptoms are completely gone!! Iâ€™m on the estrogen and progesterone pills- not using the DHEA at this point- Absolutely thrilled with my experience.,13 April 2024,Reply from By Winona,2024-04-14T01:38:22.000Z,"""Gone"" is a beautiful word, Jeanette, when it comes to peri and menopause symptoms!We are thrilled that you are thrilled, and are confident you will continue to feel great!Your Winona doctor is available for support if you need to adjust your treatment plan in the future, or if you wish to start the DHEA. Thank you for trusting us with your HRT!",0.378125,0.49166666666666664
2024-09-12 19:30:06,Info for Tara,Tara,US,Verified,This has been life changing for me,5.0,2024-04-02T14:31:10.000Z,"This has been life changing for me. All my symptoms are gone. I did need to have my dosage increased right before 10 weeks because some symptoms started to come back, the increase took them away again. I am very happy with this product and the whole experience.",26 March 2024,Reply from By Winona,2024-04-03T12:50:50.000Z,"Being able to customize and adjust your HRT treatment plan to fit your symptoms is one of the biggest perks of using Winona, Tara!Each woman is different and will have a different journey through menopause.Even your own personal journey can change over time as your hormone levels continue to fluctuate and produce different symptoms. HRT can be the safety net you need to keep those debilitating symptoms at bay!Thank you so much for trusting us with  your HRT!",0.3714285714285714,0.19444444444444445
2024-09-12 19:30:08,Info for Stephanie,Stephanie,US,Verified,After 10 weeks Hot flashes are gone,5.0,2024-03-30T19:24:17.000Z,After 10 weeks Hot flashes are gone. Joint aches are gone. Happy to see improvements in menopause symptoms in such a short period of time. This has been a game changer for me!,29 March 2024,Reply from By Winona,2024-04-01T13:05:18.000Z,"We love to hear that you are winning too, Stephanie!The rules of the menopause game are inconsistent, confusing, and unfair. What works for one women may not work for another. We provide many different options and delivery methods for our bioidentical HRT so you can get back in game and find relief!We are happy to hear that you are feeling better!",0.11000000000000001,0.12045454545454545
2024-09-12 19:30:10,Info for Paula,Paula,US,Verified,WHEN will it start working?,2.0,2024-03-27T16:49:13.000Z,"It's been 10 weeks, I've seen NOTHING change",27 March 2024,Reply from By Winona,2024-03-28T13:17:43.000Z,"We are sorry, Paula, that you are not progressing as fast as you had hoped :(Just as your menopause symptoms started over time, so too, will your relief.  There are some lucky women who experience positive changes right away, but that is not the norm. This is why we ask you to check in with your doctor after a certain amount of time in case adjustments need to be made in your treatment plan. Also keep in mind, that just as each woman is not cut from the same cloth, nor will her HRT treatment plan be.  We know it is hard to not compare our own journey with those of other women though!We see that you just completed your 10 week Follow Up with your Winona doctor, and your prescriptions have been adjusted. Please don't give up.....your Winona doctor is happy to work with you for as long as it takes to get relief!",0.0,0.07164918414918414
2024-09-12 19:30:10,Info for Tracy,Tracy,US,Verified,dramatic improvements,5.0,2024-03-25T02:38:49.000Z,There have been dramatic improvements in my first 10 weeks.  No more joint pain or hot flashes.  Brain fog has decreased as have the night sweats.  If we can just get the weight to respond in the right direction Iâ€™ll be ecstatic!!,24 March 2024,Reply from By Winona,2024-03-25T12:26:01.000Z,"We often don't know how bad we feel until we start to feel better, Tracy!The changes that our bodies go through during the menopause transition sometimes creep up on us until we forget the person we used to be.   We start to accept the joint pain, inflammation, and brain fog as just part of growing older.When you give your body the HRT that it is craving, it can feel like a dramatic and welcome return to normalcy.  We are so happy to hear that you are feeling better!",-0.02281746031746033,0.2652777777777778
2024-09-12 19:30:21,Info for Jaclyn,Jaclyn,US,Verified,Medication was not effective,3.0,2024-02-26T02:46:35.000Z,"Medication was not effective. The service was fast and responsive, but I did not experience any improvements after 10 weeks of treatment. I think Winona's emphasis on weight loss in the advertising is disingenuous.",25 February 2024,Reply from By Winona,2024-02-26T13:30:28.000Z,"We are so sorry, Jaclyn, that you did not progress as fast you had hoped with your HRT!It can definitely take 3 months or so to start to see positive changes, as your body needs times to adjust to the influx of hormones. We know it is hard to be patient.We ask you to complete the 10 week Follow Up for the is reason, as the doctor can discuss a dosage change at that time. Most women see some improvement within the first few weeks, but other things like weight loss, can take extended time.  While HRT can be helpful, it's important to note that there is no magic pill, and you will still need to make lifestyle changes such as diet and exercise to achieve your desired results. However, many patients have had success in losing weight while taking HRT!A member of our Patient Care Team has emailed you for further support!",-0.04999999999999999,0.06941287878787879
2024-09-12 19:30:22,Info for Laura,Laura,US,Verified,"Progress is hopeful, and I feel cared for.",4.0,2024-02-27T14:11:03.000Z,"I am currently 10 weeks in use of this product and all though I have not seen the results I had hoped for, the Doctor and patient care representatives have been amazing in discussing my progress and how to possibly adjust dosage to see and feel the needed results moving forward.  The attention to the customer and their needs is amazing and I hope the next time I rate my experience it will be a full 5 stars!  A special thanks to Dr. Green and Tonya Fike for going above and beyond in my care.",21 February 2024,Reply from By Winona,2024-02-23T12:52:15.000Z,"We are sorry that you do not feel better yet, Laura!HRT works best if taken consistently every day over time, so that is why we send your refills to you automatically.  The refills are timed to arrive before your existing supply of medication runs out.  We never want you to be without your medication so you can get the best results!It can also take around 3 months to see the changes you are looking for as your body adjusts to the influx of hormones.   We know it is hard to be patient!A member of our Patient Care team has emailed you for further support ;)",0.19946428571428576,0.27604166666666663
2024-09-12 19:30:34,Info for Tammi Dyer,Tammi Dyer,US,Verified,Since taking Winona for 10 weeks,5.0,2024-01-16T17:19:11.000Z,"Since taking Winona for 10 weeks, my hot flashes have disappeared. I am sleeping a lot better and have more energy which helps with my workouts and overall productivity! Also, night sweats have decreased quite a bit. I am very happy so far.",16 January 2024,Reply from By Winona,2024-01-16T19:48:23.000Z,We are so happy to hear you have experienced such great results so far!We appreciate you taking the time to share your feedback. :),0.2785714285714286,0.5800000000000001
2024-09-12 19:30:35,Info for Tracy Gaynor,Tracy Gaynor,US,Verified,Hormones and happiness So far my experience has been amazing,5.0,2024-01-12T05:01:54.000Z,"So far my experience has been amazing. So easy and professional, 10 weeks in and I feel stronger am sleeping better and my mood is better. If that all continues I will be a very happy woman.",01 November 2023,Reply from By Winona,2024-01-12T13:47:03.000Z,"""Amazing"" is what we want to hear, Tracy!  Thank you so much for the 5 star review!  Our goal at Winona is always provide women with safe, convenient, and effective HRT.  We are hopeful that you will continue to feel even better past the 10 week mark!  Keep at it!",0.46190476190476193,0.36822916666666666
2024-09-12 19:30:43,Info for Kasaundra,Kasaundra,US,Verified,I'm actually very impressed with thisâ€¦,5.0,2023-12-22T20:58:56.000Z,"I'm actually very impressed with this company. It's very seemless to get prescribed bioidentical HRT. I've been on estrogen, progesterone and DHEA for 10 weeks and not only do I feel much better, but I feel like I've aged backwards. I was starting to get jowls (at the age of 37!) After taking the meds for a few months, they went away! So awesome.",07 December 2023,Reply from By Winona,2023-12-12T00:29:44.000Z,"Thanks so much, Kasaundra!  We appreciate your kind words as we strive to provide safe, affordable, and effective HRT so that you don't have to suffer with menopause symptoms!  And who doesn't like looking and feeling younger?!  Another plus to HRT!",0.29374999999999996,0.3833333333333333
2024-09-12 19:30:47,Info for Karina,Karina,US,Verified,The first couple of weeks I wasâ€¦,5.0,2023-11-24T01:04:16.000Z,"The first couple of weeks I was skeptical, I did have hot flashes and were uncomfortable at night.I am about 10 weeks and and I feel amazing, I sleep through most nights, hot flashes are completely gone and I am loosing a little weight.I feel great !",23 November 2023,,,,0.17625000000000002,0.0
2024-09-12 19:30:50,Info for Laura,Laura,US,Verified,I have had a great experience with consistent symptom improvement.,5.0,2023-11-14T17:13:00.000Z,"I have had a great experience with Winonaâ€™s doctor, website and the medication Iâ€™ve received. My symptoms are steadily improving and although I have I only been taking the HRT for 10 weeks, I havenâ€™t had any stumbling blocks and I do believe Iâ€™ll only be feeling better and better as the coming weeks go by. Iâ€™m extremely happy with my decision to try Winona!  Itâ€™s a game changer.",14 November 2023,,,,0.32083333333333336,0.0
2024-09-12 19:30:52,Info for customer,customer,US,Verified,So far I am happy with the service,4.0,2023-11-09T20:31:19.000Z,"So far I am happy with the service.  My only complaint is not getting notifications on messages, but other than that all is well.  I just finished my 10 weeks and am looking forward to some more changes.",09 November 2023,,,,0.1625,0.0
2024-09-12 19:30:53,Info for Theresa Johnson,Theresa Johnson,US,Verified,Itâ€™s been an easy experience and definitely worthwhile!,5.0,2023-11-07T02:51:03.000Z,Itâ€™s been an easy experience!  10 weeks in and HRT has made a huge difference in my overall wellbeing! I felt the difference within the first week! Iâ€™m grateful to have found Winona!!,31 August 2023,Reply from By Winona,2023-12-12T17:16:35.000Z,We are happy to hear that you began seeing results so quickly and we are grateful to be able to help you on this journey! :),0.35748697916666666,0.5645833333333333
2024-09-12 19:30:55,Info for Robin MacKinnon,Robin MacKinnon,US,Verified,Just wow!!,5.0,2023-09-18T20:22:52.000Z,"Getting signed up and sent my prescriptions was effortless. In 3 short weeks, my hot flashes, brain fog and irritation has gone down substantially. It says that it takes 10 weeks to really feel it. If thatâ€™s the case, I truly recommend that anyone dealing with the trials and tribulations of peri menopause and menopause jump on it and give Winona a shot! Total game changer for about $25 a week!",18 September 2023,,,,-0.025925925925925925,0.0
2024-09-12 19:30:58,Info for Cathy Romash,Cathy Romash,US,,Thank you Winona!!! ðŸ˜Š,5.0,2023-09-06T22:46:58.000Z,Winona is amazing! I was really suffering with menopause and was so tired of doctors not wanting to help me. Dr. Green answers all my questions and even checked back with me to see how I was feeling. Heâ€™s great and I canâ€™t say thank you enough! I would highly recommend Winona for any needing help with menopause. The website is great and resourceful also!,06 September 2023,,,,0.28600000000000003,0.0
2024-09-12 19:30:59,Info for margo karipides,margo karipides,US,Verified,The ease of signing up- accessibilityâ€¦,5.0,2023-08-25T18:08:58.000Z,"The ease of signing up- accessibility to information and the professional manner in which the Dr and customer service team work. I am at 10 weeks, many of my symptoms have either improved or gone away. The 2 Iâ€™m still struggling with are being addressed with an adjustment to the Rx at this 10 week check in. I can not recommend Winona highly enough ! Kudos!",22 August 2023,,,,0.19999999999999998,0.0
2024-09-12 19:31:02,Info for Tracy Moore,Tracy Moore,US,Verified,I have been using HRT with Winona forâ€¦,5.0,2023-08-16T17:39:22.000Z,"I have been using HRT with Winona for about 10 weeks, and I feel great. I immediately noticed improvements on my sleep- no longer getting up multiple times at night to go to the bathroom.",08 August 2023,,,,0.4,0.0
2024-09-12 19:31:05,Info for Kris LInk,Kris LInk,US,Verified,I love what Winona has done for meâ€¦,5.0,2023-07-24T02:50:22.000Z,I love what Winona has done for me because the Dr listened to me!  She adjusted meds as I needed throughout my first 10 weeks to where I feel good and comfortable.  My hot flashes are almost nonexistent!  I canâ€™t wait to see how things improve in the next 3 months,23 July 2023,,,,0.38125000000000003,0.0
2024-09-12 19:31:05,Info for Mary W,Mary W,US,Verified,I am sleeping so much better and my hotâ€¦,5.0,2023-07-24T00:52:56.000Z,I am sleeping so much better and my hot flashes have decreased after only 10 weeks.,23 July 2023,,,,0.0875,0.0
2024-09-12 19:31:06,Info for Jaclyn M.,Jaclyn M.,US,Verified,"If you're on the fence, do it!",5.0,2023-07-13T18:39:15.000Z,"The enrollment and initial stages of getting started were seamless, and receiving the meds in the mail is incredibly convenient. I've had multiple chats with my Winona physician so far and she's been responsive, helpful, and knowledgeable. I'm 10 weeks in, feeling an improvement in my symptoms, and I'm thrilled that I made the decision to do this.",13 July 2023,,,,0.2833333333333334,0.0
2024-09-12 19:31:10,Info for Tracy,Tracy,US,Verified,Life changing!,5.0,2023-05-17T17:13:44.000Z,"I am currently 47 and started menopause early at the age of 39. In the last 3 years I have struggled with constant and severe hot flashes to the point it would take my breath away, night sweats that would have me changing pjs sometimes twice, weird body odor I had never had before, vaginal dryness, loss of libido, and pretty major mood swings. I started HRT 10 weeks ago and every one of these symptoms have improved dramatically! Iâ€™m sleeping better, I donâ€™t feel like a crazy person in a constant fog, and seldom have a hot flash now, but best of all my husband and I have a renewed sex life! I am now off all other meds for depression and anxiety and finally feel like myself again! My only regret is not starting sooner! I know HRT isnâ€™t for everyone, but it has been life changing for me! Talk to Dr Green and ask all the questions! He responds fairly quickly, is extremely knowledgeable, and will help you find what works best for you! And I love having it delivered right to my door!",17 May 2023,,,,0.12205762987012987,0.0
2024-09-12 19:31:13,Info for Jamie,Jamie,US,Verified,I felt listened to for the first timeâ€¦,5.0,2023-05-06T05:37:33.000Z,I felt listened to for the first time in years by my By Winona doctor.  Iâ€™m slowly getting back to feeling like myselfâ€¦10 weeks and my hot flashes are 90% better and I donâ€™t get them at all in the night.  Iâ€™m so glad I did this.,29 April 2023,,,,0.19999999999999998,0.0
2024-09-12 19:31:15,Info for Tracy,Tracy,US,Verified,I just started HRT 10 weeks ago throughâ€¦,5.0,2023-04-26T18:42:06.000Z,"I just started HRT 10 weeks ago through Winona.  Although, we are currently adjusting my dose, my experience with staff and the doctor has been wonderful. I truly feel like they care and have seen improvement with my symptoms as well.  I believe with dose adjustment I will continue to see improvements.",26 April 2023,,,,0.5,0.0
2024-09-12 19:31:15,Info for Kristall,Kristall,US,Verified,10 weeks in and feeling so much better,5.0,2023-04-16T18:07:53.000Z,10 weeks in and feeling so much better! No more hot flashes.  Definitely feeling more energetic and alive.,14 April 2023,,,,0.24642857142857144,0.0
2024-09-12 19:31:24,Info for Rachell,Rachell,US,Verified,Worth trying!,5.0,2023-02-03T14:19:47.000Z,I have been using Winona for 10 weeks now. I have had a significant decrease in hot flashes since starting. Would definitely recommend to anyone who is perimenopausal and looking for relief.,03 February 2023,,,,0.15625,0.0
2024-09-12 19:31:25,Info for Lopes,Lopes,US,Verified,Like most women I was nervous and yetâ€¦,5.0,2023-01-16T21:45:20.000Z,Like most women I was nervous and yet wanted to find a healthy solution for my body. Winona has been a very real and easy solution. The delivery of products and the communication and support from the Facebook community has made my first 10 weeks a positive experience.,16 January 2023,,,,0.36176767676767674,0.0
2024-09-12 19:31:30,Info for Carol,Carol,US,Verified,"It's been a long road, but finally some relief",5.0,2022-12-16T19:36:42.000Z,"Winona has truly been amazing.  I started perimenopausal symptoms at 45. Weight gain, mood swings, depression, and really not feeling like myself.  I talked to my doctor and searched the internet trying to find relief. I just didn't believe what everyone was telling me that I should just live with how I was feeling, that it was just going to get worse and heard over and over again ""It's how everyone goes through menopause"".Then I found Winona.  These products work. As soon as I started applying the cream, it was instant relief of the night sweats and I found I could sleep again through the night. In a few weeks, I started seeing my mood shift and just recently I feel the bloating and weight gain finally starting to subside.  I've been on the products for a little over 10 weeks and I am so happy I found them.  They are truly a lifesaver for me. I am feeling more and more like my old self and so many people notice the shift in my mood. I don't feel bloated or have the blahs anymore. I feel like me before menopause and I'm starting to see so much more energy.  If you're on the fence, I say give it a try.  I was very skeptical but went for it. I am so glad I did.",16 December 2022,,,,0.14438131313131314,0.0
2024-09-12 19:31:30,Info for KM,KM,US,Verified,Saved me from hot flashes and night sweats!,5.0,2022-12-14T18:20:44.000Z,"When my periord started to become less regular I started to notice I was getting hot flashes and night sweats due to my decreased estrogen and progesterone levels. I found Winona on FB or Instagram and did the test. They sent me the 50/50 Est/Prog cream and DHEA pills. I started noticing decreased hot flashes and night sweats within the first month. I have been taking both daily now for 10 weeks and no hot flashes or night sweats. These have been the only symptons of pre-menopause for me and I hope that continues. So far so good! I even recommended to my girlfriend, so we'll see how things go for her too. I highly recomment Winona. Wish it was covered under insurance though...",14 December 2022,,,,0.04773809523809524,0.0
2024-09-12 19:31:31,Info for Christine,Christine,GB,Verified,Winona has changed my life,5.0,2022-12-07T04:14:58.000Z,"Winona has changed my life, my outlook, and my level of happiness overall!  Ten weeks into the treatment regimen has exceeded my expectations.  My emotions are on a more even keel, I am sleeping better than I have since my 20s, and I just feel great! I love the ease of interaction with my doctor and I feel confident in reaching out to her.",05 December 2022,,,,0.4625,0.0
2024-09-12 19:31:32,Info for AMY GELTNER,AMY GELTNER,US,Verified,Skeptic turned believer,5.0,2022-12-01T15:00:57.000Z,"I was skeptical at first, but it was an easy process to get and worth a shot since nothing else worked.  The first dose (2 pumps of cream and 1 DHEA for first 10 weeks) definitely helped with my sleep, mood, energy, and libido. The only con was a little more acne, but nothing I couldn't control. But the second dose (increased cream and same DHEA) wow. That is when inflammation finally seemed to go down and I started feeling some weight loss relief.",01 December 2022,,,,0.08268518518518521,0.0
2024-09-12 19:31:36,Info for Dawn,Dawn,US,Verified,Did This Thing Online,5.0,2022-10-04T14:36:22.000Z,"10 weeks or so ago, I was at the end of my patience with my body. I felt like I was trapped in a strangerâ€™s body. Poor sleep, dry skin, joints that hurt all the time, packed on 20+ pounds in less than a year  and NO sex drive. The worst was the sex drive. It hurt my heart because my husband and I had always shared this beautiful, intimate physical love that mirrored our feelings for each other. Conceptually, I wanted sex, but it was just too much effort  suddenly. I also had began to hate my body, the body that had weathered so much and given life to 3 children. The one I should have been proud of. I had doctorsâ€™ say, â€œYep, menopause sucks,â€ and â€œdeal with it.â€ There seemed to be no hope.So I took a risk. Did this thing online. Took a quiz. Corresponded with a doctor and got some meds from Winona. The process was easy. The service was great. I feel that I am in control now and have choices.I have more energy, I feel better. I am starting to recognize this 56 year old body again. It will be a long journey back to my desired shape. Iâ€™d say sleep has improved, but the newly found desire for intimacy is keeping us both up for hours at night! Guess I need to learn how to take naps!",04 October 2022,,,,0.08752272727272727,0.0
2024-09-12 19:31:38,Info for Anita,Anita,US,Verified,Work in progress!,5.0,2022-09-08T05:14:51.000Z,"I've really enjoyed the experience with Winona. The communication has been very good and any questions I had were answered right away. I can tell a difference with some symptoms but I do still have slight mood swings and occasional night sweats. After my first 10 weeks, the Dr contacted me and adjusted my prescription with the hormone lotion and I am excited to continue my path to feeling normal again!",08 September 2022,,,,0.29269345238095235,0.0
2024-09-12 19:31:40,Info for Fern Hoffman,Fern Hoffman,US,Verified,Wish I had found them sooner!,5.0,2022-08-12T13:53:07.000Z,Very user friendly questionnaire enables the doctor to work to address your specific symptoms. Medication is delivered rapidly. There is a follow up to make sure the prescription is helping and there are no side effects. Support is available  thereafter. A follow up with the doctor occurs 10 weeks after. Prescription is automatically refilled. Very easy and stress free. I feel so much relief from my symptoms. No need to keep suffering theu this when help is available,12 August 2022,,,,0.3375925925925926,0.0
2024-09-12 19:31:46,Info for Mary Morgan,Mary Morgan,US,,Winona has been life changing,5.0,2022-07-03T12:11:34.000Z,Winona has been life changing. I have been on it for 10 weeks now and I am delighted. In the first 3 weeks my hot flashes have gone from 10+ a night to my sleeping through the night. Waking up refreshed really puts your day right. My meno belly is finally going down now and I feel so much better in my clothes. I like that you have a real OBGYN Looking after you. If this is not safe for your medical history the Dr will not prescribe it. Give it a try. If youâ€™re like me youâ€™ve tried everything else.,03 July 2022,,,,0.18001443001443002,0.0
2024-09-12 19:31:46,Info for Toni L.,Toni L.,US,,I have diligently been using the HRTâ€¦,5.0,2022-06-28T16:57:54.000Z,"I have diligently been using the HRT cream from Winona each night for around 10 weeks as well as the DHEA supplement each morning. I have without a doubt experienced more sustained energy throughout the day and feel that my recovery time from intense workouts has shortened. I am a work hard-play hard woman and prior to taking Winona felt extremely tired by 4:00 or 5:00pm, I now keep going easily until 9:00pm. I look forward to continued use and seeing even more results with my overall health and well-being.",28 June 2022,,,,0.19351851851851853,0.0
2024-09-12 19:31:46,Info for Michele M,Michele M,US,,Hello,5.0,2022-06-21T19:29:21.000Z,"Hello! I just wanted to hop on and give my experience taking the oral estrogen and DHEA and the awesome Dr Davis! I was hesitant to start this program since I am post menopausal since age 30 (Iâ€™m 59 now), thinking it probably wouldnâ€™t help with my symptoms (night sweats, hair loss, low libido, etc) but I have to say, after being on the meds for almost 10 weeks now, I do feel better, my sleep has improved, and even my libido is a little better. Yay! Dr Davis has been very quick to respond to any questions and I feel comfortable with him following my care ( and Iâ€™m a retired nurse, so I know how some docs can be). Anyway, I would encourage anyone to try the programâ€¦ itâ€™s working for me!",21 June 2022,,,,0.3463541666666667,0.0
2024-09-12 19:31:47,Info for Janet Coors,Janet Coors,US,,Game changer!!,5.0,2022-06-12T22:40:42.000Z,"To date, my experience with Winona has been amazing. It begins with a health assessment that is sent to an MD upon completion. Within 24 hours, a doctor was assigned to my case and he sent me a message introducing himself along with his recommendations to treat my symptoms. About 10 days later I received my new prescription in the mail and less than two weeks later there was a noticeable improvement. Here I am 10 weeks later and the the symptoms are so mild that I barely notice them. I just had my follow up and all is well. If you're on the fence, fill out the questionnaire. Run, don't walk...the folks at Winona are ready to help!!",12 June 2022,,,,0.14061447811447814,0.0
2024-09-12 19:31:49,Info for Michelle,Michelle,US,,No regrets!,5.0,2022-03-20T02:47:29.000Z,"I started using Winona cream BHRT ten weeks ago and am so glad I did.  The convenience, privacy and ease of using Winonaâ€™s services are amazing. The price point is reasonable and customer service is top notch.  The difference Iâ€™ve experienced since starting with Winonaâ€”no more hot flashes, better mood, increased energyâ€¦and starting to be easier to drop some lbs. Iâ€™ve got absolutely no regrets about my choice to try Winona.",20 March 2022,,,,0.325,0.0
2024-09-12 19:31:49,Info for Mel,Mel,US,,Winona really works!!,5.0,2022-03-16T18:38:14.000Z,Winona has been amazing so far. I saw it on instagram and thought I would give it a try to help with weight loss and to help with my occasional moodiness. lol I am feeling better and dropping a few pounds! Not peri or menopausal yet but may be in a couple years so I am checking this out. Just 10 weeks in so we will see if things continue to be great. Love Dr. Green and all the customer service people! Can't believe how easy its been getting started.,16 March 2022,,,,0.32333333333333336,0.0
2024-09-12 19:31:50,Info for Stacey Reneâ€™,Stacey Reneâ€™,US,,HRT CHANGED MY LIFE:  I am 54 years old and have been goingâ€¦,5.0,2022-03-06T13:13:09.000Z,"I am 54 years old and have been going through menopausal symptoms for years. I tried everything from natural based capsules to Prescription medication.  I knew my body was changing and my moods were even being effected.  I started to research HRT and came across By Winona. I was skeptical due to not really knowing anything about HRT.  I talked to Dr Green and asked lots of questions, he was very quick to respond back in explaining how HRT works.  I started on the medication he prescribed, after about 4 weeks I started noticing changes in how I was feeling and even loosing a few pounds which I have not been able to do in 5 years. I felt like I was stuck on the same weight no matter what I did. My hot flashes definitely started to resolve. My sleeping patterns changed for the better. I am now at 10 weeks and feel like a new woman.  My boyfriend even noticed changes in my body.  My moods are so much better.  I can not say enough about By Winona.  Thank you Dr Green and all your staff. Stacey Reneâ€™",06 March 2022,,,,0.06637205387205386,0.0
